,rock,paper,scissors
rock,44.361718310278754,49.712756804825794,38.78101924531339
paper,39.23811463517592,43.55839582149095,49.62184216919676
scissors,49.01055108676166,38.49617339219077,43.49897853903684
